Metric,Normal Days,Anomalous Days
Total Trips,70372.02702702703,5.25
Avg Duration (min),15.623655066162502,363.27783564814814
Avg Speed (km/h),20.53178030165424,15.157970308950947
